{"cameraMode":{"drawMode":0,"name":"Shaded","section":"Shading Mode"},"sceneLighting":true,"audioPlay":false,"sceneViewState":{"m_AlwaysRefresh":false,"showFog":true,"showSkybox":true,"showFlares":true,"showImageEffects":true,"showParticleSystems":true,"showVisualEffectGraphs":true,"m_FxEnabled":true},"in2DMode":false,"pivot":{"x":444.8638000488281,"y":459.20391845703127,"z":-610.6807861328125},"rotation":{"x":0.09164223074913025,"y":0.02237805165350437,"z":0.002327351365238428,"w":-0.9956533312797546},"size":81.39410400390625,"orthographic":false}